{"is_source_file": true, "format": "bash", "description": "Shell script that detects available backup files and restores the corresponding database (SQLite, PostgreSQL, MySQL, MongoDB).", "external_files": ["database_backup.db", "database_backup.sql", "database_backup.archive"], "external_methods": ["ls", "cp", "sudo -u postgres pg_isready", "psql", "mysqladmin", "mysql", "mongosh", "mongorestore"], "published": [], "classes": [], "methods": [], "calls": ["ls /usr/lib/postgresql/", "cp database_backup.db", "sudo -u postgres pg_isready", "psql", "mysqladmin ping", "mysqladmin ping --socket", "mysql", "mongosh --port", "mongorestore --archive", "mongosh --eval"], "search-terms": ["restore_db.sh", "database_backup.sql", "database_backup.db", "database_backup.archive", "SQLite", "PostgreSQL", "MySQL", "MongoDB", "database restore script"], "state": 2, "file_id": 7, "knowledge_revision": 12, "git_revision": "7b3ce5f2aefc5c55d531ba5623dadf5ec63098e2", "hash": "67505395c0df4c9c001ab8f47571f3fb", "format-version": 4, "code-base-name": "music_player_database", "filename": "music_player_database/restore_db.sh", "revision_history": [{"12": "7b3ce5f2aefc5c55d531ba5623dadf5ec63098e2"}]}