{"is_source_file": true, "format": "bash", "description": "A shell script that sets up a PostgreSQL database server, including initializing data directory, starting the server, checking existing instances, creating database and user, setting permissions, and saving connection details.", "external_files": ["/usr/lib/postgresql/", "/var/lib/postgresql/data/"], "external_methods": ["ls", "sudo", "pg_isready", "pgrep", "psql", "initdb", "createdb", "cat", "sleep"], "published": [], "classes": [], "methods": [], "calls": ["ls", "sudo -u postgres pg_isready", "sudo -u postgres psql", "sudo -u postgres initdb", "sudo -u postgres createdb", "sudo -u postgres psql", "cat", "sleep"], "search-terms": ["PostgreSQL", "startup.sh", "database setup", "pg_isready", "initdb", "createdb", "permissions", "psql", "connection string"], "state": 2, "file_id": 2, "knowledge_revision": 14, "git_revision": "7b3ce5f2aefc5c55d531ba5623dadf5ec63098e2", "hash": "fa2aa67ea0a7c72f7c0958282f15a864", "format-version": 4, "code-base-name": "music_player_database", "filename": "music_player_database/startup.sh", "revision_history": [{"14": "7b3ce5f2aefc5c55d531ba5623dadf5ec63098e2"}]}