{"is_source_file": false, "format": "", "description": "", "external_files": [], "external_methods": [], "published": [], "classes": [], "methods": [], "calls": [], "search-terms": ["index.html", "HTML", "Database Viewer", "frontend", "UI", "HTML structure", "CSS styles", "JavaScript", "client-side script", "database visualization", "table rendering", "dynamic content"], "state": 2, "file_id": 4, "knowledge_revision": 11, "git_revision": "7b3ce5f2aefc5c55d531ba5623dadf5ec63098e2", "hash": "ee63333a4841bf025439c755a74c9881", "format-version": 4, "code-base-name": "music_player_database", "filename": "music_player_database/db_visualizer/public/index.html", "revision_history": [{"11": "7b3ce5f2aefc5c55d531ba5623dadf5ec63098e2"}]}