{"is_source_file": true, "format": "bash script", "description": "This is a shell script designed to detect and back up various types of databases (SQLite, PostgreSQL, MySQL, MongoDB). It contains logic for checking the presence and status of these databases and performs backups accordingly, saving backup files in the current directory.", "external_files": ["/usr/lib/postgresql/", "/var/run/mysqld/mysqld.sock"], "external_methods": ["ls", "cp", "sudo -u postgres pg_isready", "sudo mysqladmin ping", "mysqladmin ping", "mysql", "mysqldump", "mongosh", "mongodump"], "published": [], "classes": [], "methods": [], "calls": ["ls /usr/lib/postgresql/", "cp", "sudo -u postgres pg_isready", "mysqladmin ping", "mysqladmin ping", "mysql", "mysqldump", "mongosh", "mongodump"], "search-terms": ["bash", "database backup", "SQLite", "PostgreSQL", "MySQL", "MongoDB", "database detection", "backup script"], "state": 2, "file_id": 3, "knowledge_revision": 13, "git_revision": "7b3ce5f2aefc5c55d531ba5623dadf5ec63098e2", "hash": "7af9aa35fa4940f934d83f6e2621b732", "format-version": 4, "code-base-name": "music_player_database", "filename": "music_player_database/backup_db.sh", "revision_history": [{"13": "7b3ce5f2aefc5c55d531ba5623dadf5ec63098e2"}]}