{"is_source_file": false, "format": "", "description": "", "external_files": [], "external_methods": [], "published": [], "classes": [], "methods": [], "calls": [], "search-terms": [], "state": 2, "file_id": 8, "knowledge_revision": 19, "git_revision": "98dc226b0c29d80e23cfb2417d171033a0545f3c", "hash": "a6149f7a0a98a0d07ab82f9277b29ae4", "format-version": 4, "code-base-name": "music_player_database", "filename": "music_player_database/SCHEMA_APPLIED.md", "revision_history": [{"19": "98dc226b0c29d80e23cfb2417d171033a0545f3c"}]}