{"is_source_file": false, "format": "", "description": "", "external_files": [], "external_methods": [], "published": [], "classes": [], "methods": [], "calls": [], "search-terms": [], "state": 2, "file_id": 6, "knowledge_revision": 10, "git_revision": "7b3ce5f2aefc5c55d531ba5623dadf5ec63098e2", "hash": "0c9f36dfd1a6dee9fa952c06ab7d9563", "format-version": 4, "code-base-name": "music_player_database", "filename": "music_player_database/db_visualizer/package.json", "revision_history": [{"10": "7b3ce5f2aefc5c55d531ba5623dadf5ec63098e2"}]}