{"is_source_file": false, "format": "", "description": "", "external_files": [], "external_methods": [], "published": [], "classes": [], "methods": [], "calls": [], "search-terms": [], "state": 2, "file_id": 8, "knowledge_revision": 18, "git_revision": "e442a523ccebe9619f2b1ba2503962dc674792a0", "hash": "0c222dc3343cacffd3638c2fe101bfb1", "format-version": 4, "code-base-name": "music_player_database", "filename": "music_player_database/SCHEMA_APPLIED.md", "revision_history": [{"18": "e442a523ccebe9619f2b1ba2503962dc674792a0"}]}