{"is_source_file": false, "format": "", "description": "", "external_files": [], "external_methods": [], "published": [], "classes": [], "methods": [], "calls": [], "search-terms": [], "state": 2, "file_id": 1, "knowledge_revision": 9, "git_revision": "95954662951261b52a95e6b2db28158c993477d2", "hash": "dc32ab4a39ee0f778e302c24c23b699c", "format-version": 4, "code-base-name": "music_player_database", "filename": "README.md", "revision_history": [{"9": "95954662951261b52a95e6b2db28158c993477d2"}]}